feature,importance
planet_radius_re,0.3028699673699725
period_days,0.2113455038252906
snr,0.17303616470077526
transit_depth_ppm,0.16473090535516896
stellar_radius_rs,0.14801745874879266
